iter	RMSE
0	25.79434198
1	24.57185817
2	23.45104263
3	22.42531547
4	21.48702061
5	20.63138334
6	19.85698593
7	19.1529686
8	18.51475477
9	17.93894485
10	17.42037946
11	16.9535522
12	16.53608781
13	16.16049047

14	15.82688836

15	15.52716198
